Variable,Storage_Type,Description,Missing_Count,Missing_Pct,Unique_Values,Modeling_Role
Row ID,character,Unique chronological database row integer,0,0.00%,9994,Identifier
Order ID,character,Unique transaction order identifier (multi-item line grouping),0,0.00%,5009,Identifier / Grouping
Order Date,character,Date transaction was placed by customer (DD-MM-YYYY),0,0.00%,1238,Temporal Feature
Ship Date,character,Date merchandise was dispatched from warehouse,0,0.00%,1334,Temporal Feature
Ship Mode,character,"Logistics shipping class (Standard, Second, First, Same Day)",0,0.00%,4,Categorical Predictor
Customer ID,character,Unique client identifier code,0,0.00%,793,Identifier
Customer Name,character,Full name of purchasing commercial customer,0,0.00%,793,Metadata
Segment,character,"Market client segment (Consumer, Corporate, Home Office)",0,0.00%,3,Categorical Predictor
Country,character,Country of transaction (United States),0,0.00%,1,Constant Metadata
City,character,Destination city across 531 municipalities,0,0.00%,531,Geographic Granularity
State,character,Destination US State across 49 states,0,0.00%,49,Geographic Predictor
Postal Code,character,5-digit US postal delivery code,0,0.00%,631,Geographic Code
Region,character,"Commercial macro-region (West, East, Central, South)",0,0.00%,4,Categorical Predictor
Product ID,character,Unique stock keeping unit (SKU) identifier,0,0.00%,1862,Identifier
Category,character,"Broad product division (Technology, Office Supplies, Furniture)",0,0.00%,3,Categorical Predictor
Sub-Category,character,Specific product department (17 distinct classifications),0,0.00%,17,Categorical Predictor
Product Name,character,Commercial trade brand and description of merchandise,0,0.00%,1841,Metadata
Sales,character,Gross monetary revenue generated by line item in USD,0,0.00%,5825,Continuous Predictor / Auxiliary
Quantity,character,Total number of physical units purchased (1 to 14),0,0.00%,14,Continuous Predictor
Discount,character,Promotional discount rate applied (0.00 to 0.80),0,0.00%,12,Continuous Predictor
Profit,character,Net commercial profit or loss in USD (Regression Target),0,0.00%,7287,PRIMARY REGRESSION TARGET
