Feature_Name,Data_Type,Feature_Role,Leakage_Check
Sales,Numeric,Continuous Predictor,VERIFIED CLEAN (No Target Derivatives)
Sales_Log,Numeric,Non-linear Scaled Predictor,VERIFIED CLEAN (No Target Derivatives)
Discount,Numeric,Continuous Predictor,VERIFIED CLEAN (No Target Derivatives)
Discount_Band,Ordered Factor,Promotional Policy Indicator,VERIFIED CLEAN (No Target Derivatives)
Quantity,Integer,Volume Predictor,VERIFIED CLEAN (No Target Derivatives)
Shipping_Days,Numeric,Logistics Latency Predictor,VERIFIED CLEAN (No Target Derivatives)
Order_Year,Factor,Macroeconomic Trend,VERIFIED CLEAN (No Target Derivatives)
Order_Month,Factor,Seasonality Indicator,VERIFIED CLEAN (No Target Derivatives)
Order_Quarter,Factor,Quarterly Fiscal Anchor,VERIFIED CLEAN (No Target Derivatives)
Is_Weekend,Binary Factor,Trading Day Indicator,VERIFIED CLEAN (No Target Derivatives)
Order_Value_Tier,Ordered Factor,Transaction Scale Indicator,VERIFIED CLEAN (No Target Derivatives)
Category,Factor (ref=Furniture),Merchandise Hierarchy,VERIFIED CLEAN (No Target Derivatives)
Sub_Category,Factor (17 levels),Micro-Product Classification,VERIFIED CLEAN (No Target Derivatives)
Region,Factor (ref=Central),Geographic Market,VERIFIED CLEAN (No Target Derivatives)
Segment,Factor (ref=Consumer),Customer Demand Segment,VERIFIED CLEAN (No Target Derivatives)
Ship_Mode,Factor (ref=Standard),Fulfillment Service Level,VERIFIED CLEAN (No Target Derivatives)
Profit (TARGET),Numeric Target,Primary Response Variable,VERIFIED CLEAN (No Target Derivatives)
