term,estimate,std.error,statistic,p.value,conf.low,conf.high,Significance
Intercept (Beta_0),11.753,14.1036,0.8333,0.4047,-15.8938,39.3998,ns (not significant)
Sales,0.1633,0.0037,43.9248,0,0.156,0.1706,*** (p < 0.001)
Discount,-231.8456,11.0724,-20.9391,0,-253.5503,-210.1409,*** (p < 0.001)
Quantity,-3.1088,1.0243,-3.0349,0.0024,-5.1168,-1.1008,** (p < 0.01)
Shipping_Days,0.7766,2.2443,0.346,0.7293,-3.6227,5.1759,ns (not significant)
CategoryOffice Supplies,44.4119,5.7119,7.7753,0,33.2152,55.6087,*** (p < 0.001)
CategoryTechnology,37.4585,7.1271,5.2558,0,23.4875,51.4294,*** (p < 0.001)
RegionEast,-14.914,6.3063,-2.3649,0.0181,-27.2759,-2.552,* (p < 0.05)
RegionSouth,-12.2438,7.257,-1.6872,0.0916,-26.4694,1.9818,ns (not significant)
RegionWest,-15.6812,6.2528,-2.5078,0.0122,-27.9384,-3.424,* (p < 0.05)
SegmentCorporate,1.6235,5.096,0.3186,0.7501,-8.3661,11.613,ns (not significant)
SegmentHome Office,2.1071,6.1055,0.3451,0.73,-9.8613,14.0756,ns (not significant)
Ship_ModeFirst Class,7.5174,9.0181,0.8336,0.4045,-10.1604,25.1953,ns (not significant)
Ship_ModeSame Day,0.061,14.9556,0.0041,0.9967,-29.256,29.3779,ns (not significant)
Ship_ModeSecond Class,-3.4839,7.0255,-0.4959,0.62,-17.2556,10.2878,ns (not significant)
