Order_ID,Customer_Name,Category,Sub_Category,Sales,Discount,Profit,Predicted_Profit_RF,Residual_RF,Error_Type
CA-2012-147830,Natalie Fritzler,Technology,Machines,1799.99,0.7,-2639.99,-650.28,-1989.71,Over-predicted (Profit < Pred)
CA-2014-166709,Hunter Lopez,Technology,Copiers,10499.97,0,5039.99,3098.35,1941.63,Under-predicted (Profit > Pred)
CA-2013-117121,Adrian Barton,Office Supplies,Binders,9892.74,0,4946.37,3088.65,1857.72,Under-predicted (Profit > Pred)
CA-2014-138289,Andy Reiter,Office Supplies,Binders,5443.96,0,2504.22,786.03,1718.19,Under-predicted (Profit > Pred)
CA-2013-103982,Alex Avila,Office Supplies,Supplies,3930.07,0.2,-786.01,837.95,-1623.97,Over-predicted (Profit < Pred)
US-2014-122714,Henry Goldwyn,Office Supplies,Binders,1889.99,0.8,-2929.48,-1412.55,-1516.93,Over-predicted (Profit < Pred)
CA-2012-114811,Keith Dawkins,Technology,Machines,4643.8,0,2229.02,870.66,1358.37,Under-predicted (Profit > Pred)
CA-2012-116638,Joseph Holt,Furniture,Tables,4297.64,0.4,-1862.31,-650.16,-1212.15,Over-predicted (Profit < Pred)
CA-2013-138478,Dennis Pardue,Office Supplies,Binders,4535.98,0.2,1644.29,476.11,1168.18,Under-predicted (Profit > Pred)
US-2013-140158,Daniel Raglin,Technology,Copiers,5399.91,0,2591.96,1501.52,1090.44,Under-predicted (Profit > Pred)
